City_ID,City,Lat,Lng,Max Temp,Humidity,Cloudiness,Wind Speed,Country,Date
0,Tiksi,71.6872,128.8694,42.64,95,100,13.49,RU,2022-07-31 22:09:58
1,Fort Saint James,54.4333,-124.25,85.71,29,26,7.94,CA,2022-07-31 22:09:58
2,High Level,58.5169,-117.136,70.05,41,84,5.46,CA,2022-07-31 22:09:58
3,Rikitea,-23.1203,-134.9692,71.94,75,100,21.97,PF,2022-07-31 22:09:59
4,Pedernales,18.0384,-71.744,91.38,49,48,20.13,DO,2022-07-31 22:09:59
5,Qui Nhon,13.7667,109.2333,78.15,88,99,7.14,VN,2022-07-31 22:10:00
6,Leningradskiy,69.3833,178.4167,50.77,63,51,6.11,RU,2022-07-31 22:10:00
7,Port Alfred,-33.5906,26.891,53.47,74,21,12.1,ZA,2022-07-31 22:10:00
8,Tabuk,17.4189,121.4443,74.91,92,100,1.92,PH,2022-07-31 22:10:01
9,Dzilam Gonzalez,21.2833,-88.9333,87.8,61,89,10.67,MX,2022-07-31 22:10:01
10,Luderitz,-26.6481,15.1594,59.59,49,0,12.48,NA,2022-07-31 22:10:02
11,Praia,14.9215,-23.5087,77.29,76,53,5.91,CV,2022-07-31 22:10:02
12,Hilo,19.7297,-155.09,84.27,64,20,12.66,US,2022-07-31 22:10:03
13,La Asuncion,11.0333,-63.8628,80.33,82,100,19.15,VE,2022-07-31 22:10:03
14,Duluth,46.7833,-92.1066,83.21,59,75,17.27,US,2022-07-31 22:09:40
15,Saldanha,-33.0117,17.9442,52.45,78,0,15.55,ZA,2022-07-31 22:06:15
16,Maloy,61.9353,5.1136,53.33,78,77,7.65,NO,2022-07-31 22:10:04
17,Busselton,-33.65,115.3333,57.52,82,86,27.2,AU,2022-07-31 22:10:04
18,Mataura,-46.1927,168.8643,42.48,91,6,4.5,NZ,2022-07-31 22:10:05
19,Soyo,-6.1349,12.3689,69.71,91,0,9.1,AO,2022-07-31 22:10:05
20,Jamestown,42.097,-79.2353,80.19,47,20,8.05,US,2022-07-31 22:07:02
21,Bethel,41.3712,-73.414,84.45,56,40,11.5,US,2022-07-31 22:10:06
22,Nanortalik,60.1432,-45.2371,48.22,88,62,7.18,GL,2022-07-31 22:10:06
23,Namatanai,-3.6667,152.4333,81.23,76,95,7.29,PG,2022-07-31 22:10:07
24,Qaanaaq,77.484,-69.3632,47.17,58,76,2.1,GL,2022-07-31 22:10:07
25,Ushuaia,-54.8,-68.3,38.86,87,40,8.05,AR,2022-07-31 22:10:08
26,Ulladulla,-35.35,150.4667,54.05,74,89,10.6,AU,2022-07-31 22:10:08
27,Yellowknife,62.456,-114.3525,64.56,42,12,4.0,CA,2022-07-31 22:10:08
28,Ponta Do Sol,32.6667,-17.1,72.23,80,2,3.76,PT,2022-07-31 22:10:09
29,Cherskiy,68.75,161.3,65.62,45,15,19.73,RU,2022-07-31 22:10:09
30,Chokurdakh,70.6333,147.9167,69.06,49,100,9.06,RU,2022-07-31 22:10:10
31,Atuona,-9.8,-139.0333,76.87,75,9,14.41,PF,2022-07-31 22:10:10
32,East London,-33.0153,27.9116,55.15,63,5,8.63,ZA,2022-07-31 22:10:10
33,Basco,20.4487,121.9702,85.51,74,96,12.66,PH,2022-07-31 22:10:11
34,Thompson,55.7435,-97.8558,64.56,63,100,0.0,CA,2022-07-31 22:10:11
35,Georgetown,5.4112,100.3354,81.9,84,40,1.14,MY,2022-07-31 22:09:41
36,Cedar City,37.6775,-113.0619,83.37,42,0,12.66,US,2022-07-31 22:09:15
37,Victoria,22.2855,114.1577,85.32,81,5,1.99,HK,2022-07-31 22:08:39
38,Capaci,38.1711,13.2393,83.25,61,0,2.3,IT,2022-07-31 22:10:12
39,Margate,51.3813,1.3862,67.3,90,97,3.0,GB,2022-07-31 22:10:13
40,Skibbereen,51.55,-9.2667,58.1,81,100,7.81,IE,2022-07-31 22:10:13
41,Shirokiy,49.758,129.523,68.56,97,95,6.71,RU,2022-07-31 22:10:13
42,Charagua,-19.8,-63.2167,72.05,51,5,2.39,BO,2022-07-31 22:10:14
43,Severo-Kurilsk,50.6789,156.125,53.19,88,100,10.09,RU,2022-07-31 22:10:14
44,Vaini,-21.2,-175.2,78.96,94,40,6.91,TO,2022-07-31 22:10:15
45,Lebu,-37.6167,-73.65,48.04,81,93,5.64,CL,2022-07-31 22:10:15
46,Naze,28.3667,129.4833,80.29,85,100,21.5,JP,2022-07-31 22:10:16
47,Pochutla,15.7432,-96.4661,87.82,59,71,5.99,MX,2022-07-31 22:10:16
48,Alofi,-19.0595,-169.9187,77.49,79,2,21.61,NU,2022-07-31 22:11:16
49,Lorengau,-2.0226,147.2712,83.98,72,100,11.43,PG,2022-07-31 22:11:17
50,Pasco,28.292,-82.4165,97.12,53,42,3.0,US,2022-07-31 22:11:17
51,Bonavista,48.6499,-53.1147,64.45,78,57,5.48,CA,2022-07-31 22:11:18
52,Porto Santo,33.072,-16.3415,71.98,73,40,11.5,PT,2022-07-31 22:11:18
53,Sao Joao Da Barra,-21.6403,-41.0511,67.51,71,3,7.34,BR,2022-07-31 22:11:18
54,Yerbogachen,61.2767,108.0108,63.72,86,17,0.38,RU,2022-07-31 22:11:19
55,Cape Town,-33.9258,18.4232,57.38,75,0,5.99,ZA,2022-07-31 22:11:19
56,Atambua,-9.1061,124.8925,69.76,90,56,3.94,ID,2022-07-31 22:11:20
57,Nikolskoye,59.7035,30.7861,60.8,78,100,3.27,RU,2022-07-31 22:11:20
58,Puerto Ayora,-0.7393,-90.3518,75.16,87,89,5.01,EC,2022-07-31 22:11:20
59,Upernavik,72.7868,-56.1549,51.1,63,95,1.16,GL,2022-07-31 22:11:21
60,Wilmington,34.2257,-77.9447,91.31,71,0,9.22,US,2022-07-31 22:06:55
61,Kununurra,-15.7667,128.7333,53.58,87,96,0.0,AU,2022-07-31 22:11:21
62,Khorixas,-20.3667,14.9667,44.17,88,1,2.8,NA,2022-07-31 22:11:22
63,Leshukonskoye,64.8989,45.7622,58.64,97,98,3.04,RU,2022-07-31 22:11:22
64,Bardiyah,31.7561,25.0865,77.83,89,0,14.29,LY,2022-07-31 22:11:23
65,Whitianga,-36.8333,175.7,54.0,67,4,5.91,NZ,2022-07-31 22:11:23
66,Cabedelo,-6.9811,-34.8339,75.87,84,100,14.0,BR,2022-07-31 22:11:23
67,Kuyanovo,55.8014,54.5372,63.7,71,97,4.68,RU,2022-07-31 22:11:24
68,Sabha,27.0377,14.4283,85.71,16,0,10.16,LY,2022-07-31 22:11:24
69,Pekan,3.4836,103.3996,77.09,90,100,3.78,MY,2022-07-31 22:11:25
70,Batagay,67.6333,134.6333,70.2,72,100,5.55,RU,2022-07-31 22:11:25
71,Henties Bay,-22.116,14.2845,53.37,78,70,3.27,NA,2022-07-31 22:11:25
72,Kruisfontein,-34.0033,24.7314,45.59,80,1,7.38,ZA,2022-07-31 22:11:26
73,Mar Del Plata,-38.0023,-57.5575,56.08,86,0,5.01,AR,2022-07-31 22:11:26
74,Laela,-8.5667,32.05,60.76,55,9,3.76,TZ,2022-07-31 22:11:27
75,Vrangel,42.7297,133.0839,70.54,99,100,9.95,RU,2022-07-31 22:11:27
76,Porto Novo,6.4965,2.6036,75.72,79,100,11.45,BJ,2022-07-31 22:11:27
77,Punta Arenas,-53.15,-70.9167,42.91,75,75,13.8,CL,2022-07-31 22:07:51
78,Fairbanks,64.8378,-147.7164,63.3,88,100,4.61,US,2022-07-31 22:07:41
79,Santa Maria,-29.6842,-53.8069,55.13,85,1,3.49,BR,2022-07-31 22:11:28
80,Ayr,55.4627,-4.6339,55.38,76,0,2.3,GB,2022-07-31 22:11:29
81,Te Anau,-45.4167,167.7167,40.42,94,79,5.46,NZ,2022-07-31 22:09:56
82,Atbasar,51.8,68.3333,63.64,80,80,6.91,KZ,2022-07-31 22:11:30
83,Kodiak,57.79,-152.4072,60.31,77,100,0.0,US,2022-07-31 22:11:30
84,Laguna De Perlas,12.3429,-83.6712,80.02,89,97,13.27,NI,2022-07-31 22:11:31
85,Sitka,57.0531,-135.33,57.09,88,100,5.75,US,2022-07-31 22:11:31
86,Taua,-5.9667,-40.3,78.35,59,52,8.23,BR,2022-07-31 22:11:31
87,Coihaique,-45.5752,-72.0662,39.15,60,0,5.75,CL,2022-07-31 22:11:32
88,Hambantota,6.1241,81.1185,78.57,86,100,17.87,LK,2022-07-31 22:11:32
89,Guerrero Negro,27.9769,-114.0611,85.66,43,8,13.09,MX,2022-07-31 22:11:33
90,Ndago,-4.6,34.35,65.7,59,18,8.41,TZ,2022-07-31 22:11:33
91,Cidreira,-30.1811,-50.2056,59.29,85,86,10.2,BR,2022-07-31 22:11:34
92,Broome,42.2506,-75.833,78.69,61,0,5.75,US,2022-07-31 22:11:34
93,General Cepeda,25.3833,-101.45,80.08,30,14,17.02,MX,2022-07-31 22:12:34
94,Port Lincoln,-34.7333,135.8667,52.52,79,3,12.39,AU,2022-07-31 22:10:23
95,Albany,42.6001,-73.9662,81.18,59,99,4.63,US,2022-07-31 22:09:25
96,Hermanus,-34.4187,19.2345,49.19,72,3,6.98,ZA,2022-07-31 22:12:35
97,Port Macquarie,-31.4333,152.9167,55.89,76,100,10.0,AU,2022-07-31 22:12:35
98,Pisco,-13.7,-76.2167,62.65,77,20,8.05,PE,2022-07-31 22:12:36
99,Puro,12.4841,123.3827,80.04,81,100,2.89,PH,2022-07-31 22:12:36
100,Sobolevo,54.4299,31.8996,59.56,63,100,7.11,RU,2022-07-31 22:12:37
101,Limbe,4.0242,9.2149,75.07,89,98,6.46,CM,2022-07-31 22:12:37
102,Caxambu,-21.9772,-44.9325,61.74,46,0,2.59,BR,2022-07-31 22:12:37
103,Bredasdorp,-34.5322,20.0403,43.0,82,3,3.98,ZA,2022-07-31 22:12:38
104,Cabo San Lucas,22.8909,-109.9124,91.62,69,40,11.5,MX,2022-07-31 22:12:38
105,Esperance,-33.8667,121.9,47.07,63,0,15.01,AU,2022-07-31 22:08:08
106,New Norfolk,-42.7826,147.0587,50.92,79,99,4.0,AU,2022-07-31 22:12:39
107,Arraial Do Cabo,-22.9661,-42.0278,66.06,72,0,3.44,BR,2022-07-31 22:12:39
108,Vao,-22.6667,167.4833,69.06,77,100,26.08,NC,2022-07-31 22:12:40
109,Albemarle,35.3501,-80.2001,93.45,61,40,4.61,US,2022-07-31 22:12:40
110,Vila Franca Do Campo,37.7167,-25.4333,72.01,81,75,3.98,PT,2022-07-31 22:12:41
111,Flinders,-34.5833,150.8552,57.38,78,81,7.0,AU,2022-07-31 22:12:41
112,Norman Wells,65.282,-126.8329,72.95,41,9,7.49,CA,2022-07-31 22:12:41
113,Buraydah,26.326,43.975,85.78,54,100,19.75,SA,2022-07-31 22:12:42
114,Ahipara,-35.1667,173.1667,56.79,61,10,7.29,NZ,2022-07-31 22:12:43
115,Bluff,-46.6,168.3333,42.8,79,40,14.32,NZ,2022-07-31 22:12:43
116,Disna,55.568,28.1971,59.76,99,100,10.11,BY,2022-07-31 22:12:43
117,Bubaque,11.2833,-15.8333,79.66,77,97,15.23,GW,2022-07-31 22:12:44
118,Antofagasta,-23.65,-70.4,56.48,84,58,7.11,CL,2022-07-31 22:12:16
119,Ilulissat,69.2167,-51.1,60.82,39,47,16.11,GL,2022-07-31 22:12:45
120,Vilyuysk,63.7553,121.6247,66.63,86,100,2.48,RU,2022-07-31 22:12:45
121,Kautokeino,69.0125,23.0412,50.2,89,99,5.97,NO,2022-07-31 22:12:46
122,Sept-Iles,50.2001,-66.3821,69.06,75,74,4.0,CA,2022-07-31 22:12:46
123,Butaritari,3.0707,172.7902,81.32,78,48,14.63,KI,2022-07-31 22:12:46
124,Kahului,20.8947,-156.47,87.82,54,20,19.57,US,2022-07-31 22:12:47
125,Port Maria,18.3685,-76.8895,92.05,84,15,11.41,JM,2022-07-31 22:12:47
126,Mumford,5.2618,-0.759,73.9,84,95,15.43,GH,2022-07-31 22:12:48
127,Launceston,-41.45,147.1667,47.84,90,100,18.41,AU,2022-07-31 22:12:48
128,Dikson,73.5069,80.5464,40.96,91,100,12.3,RU,2022-07-31 22:12:48
129,Kapaa,22.0752,-159.319,85.98,63,0,14.97,US,2022-07-31 22:11:39
130,Geraldton,-28.7667,114.6,59.41,67,100,20.71,AU,2022-07-31 22:12:49
131,Clyde River,70.4692,-68.5914,39.43,93,75,6.91,CA,2022-07-31 22:12:49
132,Dingle,10.9995,122.6711,75.83,88,100,2.08,PH,2022-07-31 22:12:50
133,Chuy,-33.6971,-53.4616,49.01,81,92,4.29,UY,2022-07-31 22:12:50
134,Berlevag,70.8578,29.0864,59.0,94,100,9.22,NO,2022-07-31 22:12:51
135,Palmer,42.1584,-72.3287,83.64,57,75,10.36,US,2022-07-31 22:12:51
136,Avarua,-21.2078,-159.775,78.85,69,20,16.11,CK,2022-07-31 22:09:56
137,Zhadovka,53.5746,46.9498,58.19,84,14,7.27,RU,2022-07-31 22:13:52
138,Katobu,-4.9408,122.5276,73.76,95,72,4.68,ID,2022-07-31 22:13:52
139,Gardelegen,52.5252,11.3952,65.89,97,100,6.17,DE,2022-07-31 22:13:53
140,San Gabriel,34.0961,-118.1058,99.7,40,0,7.0,US,2022-07-31 22:13:53
141,Luganville,-15.5333,167.1667,79.79,81,59,11.97,VU,2022-07-31 22:13:54
142,Nishihara,26.1842,127.7558,78.08,94,75,10.36,JP,2022-07-31 22:13:54
143,Kailua,21.4022,-157.7394,84.18,57,0,14.97,US,2022-07-31 22:13:54
144,Auki,-8.7676,160.7034,82.06,73,9,5.35,SB,2022-07-31 22:13:55
145,Los Llanos De Aridane,28.6585,-17.9182,69.55,94,75,16.11,ES,2022-07-31 22:13:55
146,Airai,-8.9266,125.4092,56.66,94,58,3.15,TL,2022-07-31 22:13:56
147,Surgut,61.25,73.4167,53.78,81,0,7.0,RU,2022-07-31 22:13:56
148,Kaitangata,-46.2817,169.8464,38.41,83,6,6.85,NZ,2022-07-31 22:13:56
149,Sibolga,1.7427,98.7792,75.85,87,100,3.36,ID,2022-07-31 22:13:57
150,Torbay,47.6666,-52.7314,73.76,70,37,17.05,CA,2022-07-31 22:12:21
151,Marawi,7.9986,124.2928,67.68,90,96,2.46,PH,2022-07-31 22:13:57
152,Iqaluit,63.7506,-68.5145,49.42,64,94,7.47,CA,2022-07-31 22:13:58
153,Ust-Maya,60.4167,134.5333,72.16,67,46,7.02,RU,2022-07-31 22:13:58
154,Tuktoyaktuk,69.4541,-133.0374,51.39,72,58,10.2,CA,2022-07-31 22:13:59
155,Kangaatsiaq,68.3065,-53.4641,42.37,91,54,7.23,GL,2022-07-31 22:13:59
156,Venezuela,8.0,-66.0,82.2,70,71,9.71,VE,2022-07-31 22:13:59
157,Lompoc,34.6391,-120.4579,76.59,70,0,17.27,US,2022-07-31 22:14:00
158,Antalaha,-14.9003,50.2788,66.65,91,26,5.75,MG,2022-07-31 22:14:00
159,Linxia,35.6003,103.2064,64.26,85,100,4.0,CN,2022-07-31 22:14:01
160,Longyearbyen,78.2186,15.6401,48.04,81,0,12.66,SJ,2022-07-31 22:14:01
161,Tommot,58.9564,126.2925,64.99,94,100,3.89,RU,2022-07-31 22:14:01
162,Petrolina,-9.3986,-40.5008,86.05,35,0,9.22,BR,2022-07-31 22:14:02
163,Castro,-24.7911,-50.0119,55.49,70,0,1.95,BR,2022-07-31 22:14:03
164,Inirida,3.8653,-67.9239,78.35,93,56,2.51,CO,2022-07-31 22:14:03
165,Noyabrsk,63.1994,75.4507,48.07,77,20,8.79,RU,2022-07-31 22:14:04
166,Chicama,-7.8447,-79.1469,61.34,72,27,8.7,PE,2022-07-31 22:14:04
167,Pho Chai,16.3283,103.7703,80.1,89,99,4.23,TH,2022-07-31 22:14:05
168,Vastseliina,57.7303,27.2932,59.32,70,100,3.83,EE,2022-07-31 22:14:05
169,Mahibadhoo,3.7833,72.9667,79.43,79,100,30.38,MV,2022-07-31 22:14:05
170,Bambui,-20.0064,-45.9769,72.01,37,25,3.09,BR,2022-07-31 22:11:56
171,Bambous Virieux,-20.3428,57.7575,70.21,73,75,11.5,MU,2022-07-31 22:14:06
172,Jalu,29.0331,21.5482,82.13,54,0,17.27,LY,2022-07-31 22:14:07
173,Iaciara,-14.0958,-46.6317,78.3,21,3,1.48,BR,2022-07-31 22:14:07
174,Dwarka,22.2394,68.9678,80.49,83,75,19.98,IN,2022-07-31 22:14:08
175,Viedma,-40.8135,-62.9967,47.48,63,73,8.16,AR,2022-07-31 22:14:08
176,Moose Factory,51.2585,-80.6094,57.18,94,100,6.91,CA,2022-07-31 22:14:08
177,Vaitape,-16.5167,-151.75,78.75,71,13,26.6,PF,2022-07-31 22:14:09
178,Khatanga,71.9667,102.5,44.37,77,100,7.02,RU,2022-07-31 22:14:09
179,Prince Rupert,54.3161,-130.3201,60.89,94,100,5.75,CA,2022-07-31 22:12:01
180,Barrow,71.2906,-156.7887,41.88,77,51,8.21,US,2022-07-31 22:15:10
181,Nizwa,22.9333,57.5333,84.79,59,84,4.32,OM,2022-07-31 22:15:10
182,Oranjemund,-28.55,16.4333,52.86,70,0,11.95,NA,2022-07-31 22:15:10
183,Baturaja,-4.1333,104.1667,72.36,98,98,2.46,ID,2022-07-31 22:15:11
184,Delano,35.7688,-119.247,99.18,20,0,4.61,US,2022-07-31 22:15:11
185,Traverse City,44.7631,-85.6206,85.84,40,40,12.66,US,2022-07-31 22:15:12
186,Rawson,-43.3002,-65.1023,48.58,65,97,6.76,AR,2022-07-31 22:15:12
187,Saskylakh,71.9167,114.0833,43.9,85,99,10.83,RU,2022-07-31 22:15:12
188,Wenatchee,47.4235,-120.3103,107.98,12,0,3.44,US,2022-07-31 22:15:13
189,Touros,-5.1989,-35.4608,75.65,86,45,14.03,BR,2022-07-31 22:15:13
190,Havoysund,70.9963,24.6622,55.63,86,7,8.79,NO,2022-07-31 22:15:14
191,Ko Samui,9.5357,99.9357,83.7,74,100,17.65,TH,2022-07-31 22:10:44
192,Pevek,69.7008,170.3133,47.71,66,0,12.03,RU,2022-07-31 22:12:19
193,San Patricio,28.017,-97.5169,98.17,43,38,17.87,US,2022-07-31 22:15:14
194,Mainaguri,26.5667,88.8167,76.87,97,100,5.41,IN,2022-07-31 22:15:15
195,High Prairie,55.4334,-116.4858,76.3,43,82,10.29,CA,2022-07-31 22:15:15
196,Tiznit,29.5833,-9.5,84.51,33,21,1.61,MA,2022-07-31 22:15:16
197,Port Hedland,-20.3167,118.5667,62.65,67,31,5.75,AU,2022-07-31 22:15:16
198,Camacha,33.0833,-16.3333,67.42,78,40,9.22,PT,2022-07-31 22:15:16
199,Zhuanghe,39.7008,122.9911,75.25,96,71,5.97,CN,2022-07-31 22:15:17
200,Broken Hill,-31.95,141.4333,42.1,79,0,6.87,AU,2022-07-31 22:15:17
201,Port Elizabeth,-33.918,25.5701,50.29,83,0,9.22,ZA,2022-07-31 22:15:18
202,Jaciara,-15.9653,-54.9683,79.05,24,0,4.5,BR,2022-07-31 22:15:18
203,Le Port,-20.9373,55.2919,68.25,69,15,8.63,RE,2022-07-31 22:15:18
204,Along,28.1667,94.7667,74.34,99,100,0.45,IN,2022-07-31 22:15:19
205,Jasper,37.2001,-94.3502,91.0,56,20,11.5,US,2022-07-31 22:11:39
206,Dobryatino,55.5055,41.3195,56.28,64,58,4.23,RU,2022-07-31 22:15:19
207,Bonthe,7.5264,-12.505,76.95,80,100,10.49,SL,2022-07-31 22:15:20
208,Wildeshausen,52.9,8.4333,66.11,94,96,10.87,DE,2022-07-31 22:15:20
209,Faanui,-16.4833,-151.75,78.75,71,13,26.6,PF,2022-07-31 22:15:21
210,Salinas,36.6777,-121.6555,88.02,64,0,14.97,US,2022-07-31 22:10:43
211,Klaksvik,62.2266,-6.589,50.47,85,32,11.32,FO,2022-07-31 22:15:21
212,Zeya,53.75,127.2667,65.12,100,100,4.23,RU,2022-07-31 22:15:22
213,Bathsheba,13.2167,-59.5167,83.05,88,40,19.57,BB,2022-07-31 22:15:22
214,Pierre,44.3683,-100.351,90.52,29,0,17.27,US,2022-07-31 22:11:40
215,Dongsheng,39.8161,109.9776,69.71,64,4,10.33,CN,2022-07-31 22:15:23
216,Robertsport,6.7533,-11.3686,77.32,79,99,11.54,LR,2022-07-31 22:15:23
217,Mahebourg,-20.4081,57.7,70.25,73,75,11.5,MU,2022-07-31 22:15:24
218,Katsuura,35.1333,140.3,82.53,80,96,5.93,JP,2022-07-31 22:15:24
219,Quatre Cocos,-20.2078,57.7625,70.09,72,20,14.58,MU,2022-07-31 22:15:25
220,Ostersund,63.1792,14.6357,59.61,88,75,9.22,SE,2022-07-31 22:15:25
221,Krasnokamensk,50.0979,118.0369,65.34,77,1,1.28,RU,2022-07-31 22:15:25
222,Saint-Georges,12.0564,-61.7485,82.08,83,40,11.5,GD,2022-07-31 22:15:26
223,Baculin,7.4525,126.5842,76.46,79,100,3.6,PH,2022-07-31 22:15:26
224,Abu Kamal,34.4506,40.9171,93.15,18,0,8.3,SY,2022-07-31 22:15:27
225,Karratha,-20.7377,116.8463,68.13,76,33,1.28,AU,2022-07-31 22:15:27
226,Den Helder,52.9599,4.7593,65.01,94,75,7.0,NL,2022-07-31 22:15:27
227,Taicheng,38.731,113.228,66.09,91,2,2.44,CN,2022-07-31 22:15:28
228,Tabas,33.5959,56.9244,88.02,23,2,2.3,IR,2022-07-31 22:15:28
229,Kiunga,-6.1219,141.2906,73.49,99,100,1.77,PG,2022-07-31 22:16:29
230,Coquimbo,-29.9533,-71.3436,56.93,82,40,9.22,CL,2022-07-31 22:16:29
231,Tasiilaq,65.6145,-37.6368,48.36,49,33,5.77,GL,2022-07-31 22:16:29
232,Araouane,18.9048,-3.5265,93.07,34,32,6.31,ML,2022-07-31 22:16:30
233,Sleaford,52.9983,-0.4094,63.99,92,75,5.75,GB,2022-07-31 22:16:30
234,Hithadhoo,-0.6,73.0833,80.17,75,100,16.02,MV,2022-07-31 22:16:31
235,Kyakhta,50.3508,106.4494,59.59,77,2,1.34,RU,2022-07-31 22:16:31
236,Biak,-0.9131,122.8766,74.88,87,100,4.54,ID,2022-07-31 22:16:32
237,Tomelloso,39.1522,-3.0243,81.52,35,0,7.61,ES,2022-07-31 22:16:32
238,Zaranj,30.9667,61.8833,89.31,18,0,30.24,AF,2022-07-31 22:16:32
239,Veraval,20.9,70.3667,80.83,83,96,14.5,IN,2022-07-31 22:16:33
240,Husavik,66.0449,-17.3389,42.03,91,100,17.27,IS,2022-07-31 22:16:33
241,Adamovka,51.5223,59.9396,67.1,69,99,3.15,RU,2022-07-31 22:16:34
242,Grindavik,63.8424,-22.4338,49.95,81,75,11.5,IS,2022-07-31 22:16:34
243,Talnakh,69.4865,88.3972,43.21,73,23,16.06,RU,2022-07-31 22:16:35
244,Carmen,18.6333,-91.8333,75.24,94,100,8.05,MX,2022-07-31 22:15:15
245,Calabozo,8.9242,-67.4293,83.34,71,73,5.06,VE,2022-07-31 22:16:35
246,De-Kastri,51.4667,140.7833,59.79,94,80,8.86,RU,2022-07-31 22:16:36
247,Ola,59.5833,151.2833,57.15,85,100,6.67,RU,2022-07-31 22:16:36
248,Carbonia,39.1672,8.5222,79.02,67,0,5.59,IT,2022-07-31 22:16:36
249,North Bend,43.4065,-124.2243,73.92,91,0,6.91,US,2022-07-31 22:16:05
250,Karasjok,69.4719,25.5112,52.48,93,100,3.98,NO,2022-07-31 22:16:37
251,Yaguachi,-2.1167,-79.6833,80.58,45,46,5.95,EC,2022-07-31 22:16:37
252,Erenhot,43.6475,111.9767,77.34,43,48,6.71,CN,2022-07-31 22:16:38
253,Muroto,33.2833,134.15,81.39,87,100,6.42,JP,2022-07-31 22:16:38
254,Hobart,-42.8794,147.3294,51.26,73,75,5.75,AU,2022-07-31 22:15:01
255,Vytegra,61.0064,36.4481,52.86,93,16,4.68,RU,2022-07-31 22:16:39
256,Ancud,-41.8697,-73.8203,44.22,82,100,1.5,CL,2022-07-31 22:16:39
257,Baiyin,36.5583,104.2081,71.42,67,100,4.5,CN,2022-07-31 22:16:40
258,Carnarvon,-24.8667,113.6333,69.21,52,100,10.2,AU,2022-07-31 22:16:40
259,Clarence Town,-32.5833,151.7833,56.98,78,91,2.42,AU,2022-07-31 22:16:40
260,Morant Bay,17.8815,-76.4093,91.71,69,18,12.93,JM,2022-07-31 22:16:41
261,Saint-Philippe,-21.3585,55.7679,67.59,82,64,14.63,RE,2022-07-31 22:16:41
262,Kargasok,59.0556,80.8572,52.32,75,100,11.83,RU,2022-07-31 22:16:42
263,Ankang,32.68,109.0172,78.66,70,66,2.35,CN,2022-07-31 22:15:16
264,Nedjo,9.5046,35.5019,58.12,99,100,2.04,ET,2022-07-31 22:16:42
265,Mosetse,-20.75,26.65,62.56,20,4,11.1,BW,2022-07-31 22:16:43
266,Weinan,34.5036,109.5089,74.71,75,0,2.13,CN,2022-07-31 22:16:43
267,Grand-Santi,4.25,-54.3833,74.5,98,82,2.98,GF,2022-07-31 22:16:44
268,Hervey Bay,-25.2986,152.8535,64.72,73,100,4.76,AU,2022-07-31 22:16:44
269,Vallenar,-28.5708,-70.7581,67.82,45,8,3.65,CL,2022-07-31 22:16:44
270,Moravsky Krumlov,49.0489,16.3117,68.63,69,0,5.75,CZ,2022-07-31 22:16:45
271,Chifeng,42.2683,118.9636,72.18,78,4,4.41,CN,2022-07-31 22:16:45
272,At-Bashi,41.1702,75.8106,53.89,58,100,0.85,KG,2022-07-31 22:16:46
273,Comodoro Rivadavia,-45.8667,-67.5,42.66,45,0,3.44,AR,2022-07-31 22:16:46
274,Peterhead,57.5058,-1.7981,55.8,76,94,3.0,GB,2022-07-31 22:16:46
275,Yenangyaung,20.4667,94.8833,80.96,77,100,8.28,MM,2022-07-31 22:17:47
276,Roald,62.5833,6.1333,56.16,87,75,5.75,NO,2022-07-31 22:17:47
277,Matamoros,25.5333,-103.25,91.51,24,75,12.66,MX,2022-07-31 22:17:48
278,Ibaiti,-23.8486,-50.1878,58.24,58,0,2.24,BR,2022-07-31 22:17:48
279,Isangel,-19.55,169.2667,74.93,84,96,14.9,VU,2022-07-31 22:17:49
280,Pacific Grove,36.6177,-121.9166,82.38,81,0,11.5,US,2022-07-31 22:14:11
281,Lasa,46.6166,10.7002,67.08,87,4,5.06,IT,2022-07-31 22:17:49
282,Codrington,-38.2667,141.9667,43.12,92,22,14.92,AU,2022-07-31 22:17:49
283,San Sebastian,43.3128,-1.975,73.24,77,100,1.99,ES,2022-07-31 22:17:50
284,Hanna,51.6334,-111.9018,86.86,39,28,1.99,CA,2022-07-31 22:17:50
285,Opole,50.5,18.0,61.03,87,0,2.93,PL,2022-07-31 22:17:51
286,Oak Ridge,36.0104,-84.2696,84.78,75,20,0.0,US,2022-07-31 22:17:51
287,Payakumbuh,-0.2202,100.6308,70.0,97,99,2.35,ID,2022-07-31 22:17:52
288,Asau,46.4333,26.4,63.52,94,100,6.11,RO,2022-07-31 22:17:52
289,Wicklow,53.0,-6.4167,54.46,93,87,0.18,IE,2022-07-31 22:17:53
290,Solnechnyy,50.7214,136.6319,69.71,85,35,5.08,RU,2022-07-31 22:17:53
291,Athens,37.9795,23.7162,84.18,62,20,2.3,GR,2022-07-31 22:16:37
292,Batsfjord,70.6345,29.7185,56.98,94,100,5.75,NO,2022-07-31 22:17:54
293,Lohja,60.2486,24.0653,59.38,80,3,2.15,FI,2022-07-31 22:17:54
294,Astoria,46.1879,-123.8313,78.48,79,0,8.05,US,2022-07-31 22:15:42
295,Souillac,-20.5167,57.5167,70.18,73,75,11.5,MU,2022-07-31 22:17:54
296,Adrar,20.5022,-10.0711,95.81,29,3,10.09,MR,2022-07-31 22:17:55
297,Bengkulu,-3.8004,102.2655,75.02,88,90,4.18,ID,2022-07-31 22:17:55
298,Anyksciai,55.5256,25.1026,60.89,98,100,12.08,LT,2022-07-31 22:17:56
299,Port Alberni,49.2413,-124.8028,95.94,27,0,7.0,CA,2022-07-31 22:16:05
300,Mount Isa,-20.7333,139.5,55.17,58,0,0.0,AU,2022-07-31 22:17:56
301,Tanout,14.9709,8.8879,79.95,60,26,8.3,NE,2022-07-31 22:17:57
302,Kirakira,-10.4544,161.9205,82.49,78,25,12.12,SB,2022-07-31 22:17:57
303,Hasaki,35.7333,140.8333,84.6,79,97,1.48,JP,2022-07-31 22:17:57
304,Moron,-34.6534,-58.6198,58.95,76,3,4.03,AR,2022-07-31 22:13:26
305,Imbituba,-28.24,-48.6703,62.1,86,11,7.0,BR,2022-07-31 22:17:58
306,Kalemie,-5.9475,29.1947,73.85,61,86,1.45,CD,2022-07-31 22:17:58
307,Lewistown,40.5992,-77.5714,73.15,100,20,5.75,US,2022-07-31 22:17:59
308,Yanam,16.7333,82.2167,79.18,92,100,1.79,IN,2022-07-31 22:17:59
309,Fare,-16.7,-151.0167,78.51,71,27,25.32,PF,2022-07-31 22:18:00
310,Armidale,-30.5167,151.65,48.0,78,100,11.45,AU,2022-07-31 22:18:00
311,Dunedin,-45.8742,170.5036,48.79,61,1,5.91,NZ,2022-07-31 22:15:07
312,Pavlovsk,50.4578,40.1081,63.79,64,95,7.65,RU,2022-07-31 22:18:01
313,Santa Rosa,14.3122,121.1114,79.11,95,100,1.23,PH,2022-07-31 22:18:01
314,Emerald,-23.5333,148.1667,57.34,88,75,8.68,AU,2022-07-31 22:18:02
315,Tuensang,26.2833,94.8333,69.69,98,100,2.24,IN,2022-07-31 22:18:02
316,Brewster,41.3973,-73.6171,84.61,57,40,11.5,US,2022-07-31 22:18:02
317,Nalut,30.3333,10.85,85.1,26,0,13.24,LY,2022-07-31 22:18:03
318,Nkan,0.3833,9.7833,74.39,84,32,4.79,GA,2022-07-31 22:18:03
319,Teya,60.3778,92.6267,53.82,93,100,3.91,RU,2022-07-31 22:18:04
320,Sur,22.5667,59.5289,86.11,66,36,11.07,OM,2022-07-31 22:18:04
321,Townsville,-19.25,146.8,65.28,82,75,0.0,AU,2022-07-31 22:18:05
322,Tuatapere,-46.1333,167.6833,41.0,87,79,7.25,NZ,2022-07-31 22:19:05
323,Tartagal,-22.5164,-63.8013,65.17,51,17,2.57,AR,2022-07-31 22:19:05
324,Rumford,44.5537,-70.5509,82.2,58,89,4.25,US,2022-07-31 22:19:06
325,Constitucion,-35.3333,-72.4167,51.01,88,85,3.76,CL,2022-07-31 22:19:06
326,Pemba,-12.974,40.5178,70.5,88,20,5.75,MZ,2022-07-31 22:19:07
327,Mouzouras,35.5333,24.15,77.0,83,0,0.0,GR,2022-07-31 22:19:07
328,Cassilandia,-19.1133,-51.7342,77.0,30,11,3.29,BR,2022-07-31 22:19:07
329,Grand Gaube,-20.0064,57.6608,70.38,72,8,5.01,MU,2022-07-31 22:19:08
330,Karaton,-6.3424,106.1045,71.56,93,43,2.55,ID,2022-07-31 22:19:08
331,Pangnirtung,66.1451,-65.7125,48.76,80,99,1.81,CA,2022-07-31 22:19:09
332,Tam Ky,15.5667,108.4833,75.9,90,99,3.38,VN,2022-07-31 22:18:55
333,Kaduqli,11.0167,29.7167,72.91,89,79,3.38,SD,2022-07-31 22:19:09
334,Correntina,-13.3433,-44.6367,77.49,24,10,4.5,BR,2022-07-31 22:19:10
335,Bukoba,-1.3317,31.8122,67.95,79,84,3.42,TZ,2022-07-31 22:19:10
336,Bandarbeyla,9.4942,50.8122,76.21,79,68,29.12,SO,2022-07-31 22:19:11
337,Uspenka,48.3903,39.1619,70.84,48,9,9.13,UA,2022-07-31 22:19:11
338,Sal Rei,16.1833,-22.9167,76.86,71,23,11.39,CV,2022-07-31 22:19:11
339,Yeppoon,-23.1333,150.7333,60.58,81,100,7.4,AU,2022-07-31 22:19:12
340,Valley City,46.9233,-98.0032,75.72,73,75,18.41,US,2022-07-31 22:19:12
341,Panjakent,39.4952,67.6093,68.29,49,0,4.18,TJ,2022-07-31 22:19:13
342,Saryagash,41.4511,69.1701,73.36,33,0,5.3,KZ,2022-07-31 22:19:13
343,Rio Gallegos,-51.6226,-69.2181,41.05,56,0,10.36,AR,2022-07-31 22:19:14
344,Jumla,29.2747,82.1838,61.52,96,100,0.72,NP,2022-07-31 22:15:04
345,San Cristobal,7.7669,-72.225,80.78,82,58,4.88,VE,2022-07-31 22:14:23
346,Okha,53.5739,142.9478,58.71,74,16,17.72,RU,2022-07-31 22:19:15
347,Kropotkin,45.4375,40.5756,78.17,42,0,10.27,RU,2022-07-31 22:19:15
348,Pocao De Pedras,-4.6667,-44.85,75.65,86,50,2.82,BR,2022-07-31 22:19:16
349,Saint George,37.1041,-113.5841,93.43,40,0,17.27,US,2022-07-31 22:19:16
350,Iralaya,15.0,-83.2333,81.1,84,85,16.55,HN,2022-07-31 22:19:16
351,Poum,-20.2333,164.0167,71.4,73,73,10.42,NC,2022-07-31 22:19:17
352,Kuching,1.55,110.3333,75.42,100,20,0.0,MY,2022-07-31 22:19:17
353,Bakersfield,35.3733,-119.0187,102.85,23,0,11.5,US,2022-07-31 22:15:14
354,Amazar,53.858,120.875,61.72,93,51,2.13,RU,2022-07-31 22:19:18
355,Oktyabrskiy,54.4815,53.471,60.6,80,74,1.88,RU,2022-07-31 22:19:18
356,Narsaq,60.9167,-46.05,57.42,75,86,3.56,GL,2022-07-31 22:19:19
357,Nemuro,43.3236,145.575,59.34,90,98,11.3,JP,2022-07-31 22:19:19
358,Hualmay,-11.0964,-77.6139,64.29,74,20,8.59,PE,2022-07-31 22:19:19
359,Yar-Sale,66.8333,70.8333,46.76,83,15,7.52,RU,2022-07-31 22:19:20
360,Lata,40.1629,-8.3327,70.03,61,0,1.63,PT,2022-07-31 22:19:20
361,Abha,18.2164,42.5053,66.02,82,0,0.0,SA,2022-07-31 22:17:27
362,Saint Anthony,45.0205,-93.218,85.62,62,100,17.27,US,2022-07-31 22:19:21
363,Morehead,37.2711,-87.1764,79.0,92,100,3.44,US,2022-07-31 22:19:21
364,Qasigiannguit,68.8193,-51.1922,61.05,90,54,5.61,GL,2022-07-31 22:19:22
365,Itarema,-2.9248,-39.9167,78.93,82,7,16.08,BR,2022-07-31 22:19:22
366,Kalaikunda,22.35,87.25,83.57,79,100,6.73,IN,2022-07-31 22:20:23
367,Mandalgovi,45.7625,106.2708,66.02,50,99,10.83,MN,2022-07-31 22:20:23
368,Novoorsk,51.381,58.9813,63.25,65,63,4.07,RU,2022-07-31 22:20:23
369,Canavieiras,-15.675,-38.9472,71.83,85,0,4.85,BR,2022-07-31 22:20:24
370,Matagami,49.7502,-77.6328,78.91,50,75,8.05,CA,2022-07-31 22:20:24
371,Lagoa,39.05,-27.9833,72.75,74,0,6.67,PT,2022-07-31 22:20:25
372,Olinda,-8.0089,-34.8553,78.53,78,40,9.22,BR,2022-07-31 22:17:46
373,San Antonio,29.4241,-98.4936,103.06,29,20,13.8,US,2022-07-31 22:17:41
374,Barinitas,8.7622,-70.4111,83.68,91,99,2.64,VE,2022-07-31 22:20:25
375,Nuuk,64.1835,-51.7216,48.81,76,20,11.5,GL,2022-07-31 22:20:26
376,Winnemucca,40.973,-117.7357,102.25,6,0,8.05,US,2022-07-31 22:20:26
377,Sipe Sipe,-17.45,-66.3833,77.49,29,1,8.79,BO,2022-07-31 22:20:27
378,Mikkeli,61.6886,27.2723,55.51,100,0,2.3,FI,2022-07-31 22:20:27
379,Sinnamary,5.3833,-52.95,79.29,83,37,6.73,GF,2022-07-31 22:20:28
380,Varhaug,58.6147,5.6457,55.47,74,0,18.99,NO,2022-07-31 22:20:28
381,Lengshuijiang,27.6881,111.4294,76.15,86,23,1.16,CN,2022-07-31 22:20:29
382,Alice Springs,-23.7,133.8833,44.15,65,2,6.91,AU,2022-07-31 22:20:29
383,Ballina,-28.8667,153.5667,56.01,99,100,5.95,AU,2022-07-31 22:20:29
384,Uvalde,29.3669,-99.767,99.14,25,0,6.91,US,2022-07-31 22:20:30
385,Praia Da Vitoria,38.7333,-27.0667,73.65,83,20,6.58,PT,2022-07-31 22:20:30
386,Lensk,60.7253,114.9278,60.19,95,100,3.71,RU,2022-07-31 22:19:05
387,Suileng,47.25,127.0833,72.72,95,52,7.94,CN,2022-07-31 22:20:31
388,Haines Junction,60.7522,-137.5108,62.55,63,94,5.75,CA,2022-07-31 22:20:31
389,Russell,32.3502,-85.1999,93.0,49,0,6.91,US,2022-07-31 22:20:31
390,Siguiri,11.6667,-9.5,74.08,91,97,2.77,GN,2022-07-31 22:20:32
391,Korla,41.7597,86.1469,74.57,49,51,12.06,CN,2022-07-31 22:20:32
392,Cascais,38.6979,-9.4215,79.95,56,1,10.0,PT,2022-07-31 22:20:33
393,Amapa,1.0,-52.0,74.79,94,92,2.89,BR,2022-07-31 22:20:33
394,Agadez,19.75,10.25,90.95,29,55,11.99,NE,2022-07-31 22:20:34
395,Marsh Harbour,26.5412,-77.0636,84.15,68,44,12.91,BS,2022-07-31 22:20:34
396,Melito Di Porto Salvo,37.9222,15.7714,81.73,61,0,6.91,IT,2022-07-31 22:20:34
397,Petropavlovsk-Kamchatskiy,53.0452,158.6483,55.99,82,75,4.47,RU,2022-07-31 22:20:35
398,Mount Gambier,-37.8333,140.7667,46.31,93,75,12.66,AU,2022-07-31 22:20:35
399,Cachoeiras De Macacu,-22.4625,-42.6531,61.45,88,10,2.26,BR,2022-07-31 22:19:16
400,Beloha,-25.1667,45.05,64.58,93,6,3.42,MG,2022-07-31 22:20:36
401,Egvekinot,66.3167,-179.1667,52.81,51,50,3.2,RU,2022-07-31 22:20:36
402,Cleveland,41.4995,-81.6954,85.32,58,20,8.05,US,2022-07-31 22:20:37
403,Bull Savanna,17.8868,-77.5902,84.92,62,2,19.08,JM,2022-07-31 22:20:37
404,Saint-Denis,48.9167,2.3333,72.14,71,0,5.75,FR,2022-07-31 22:20:38
405,Muriwai Beach,-36.8167,174.45,58.19,72,28,10.54,NZ,2022-07-31 22:20:38
406,Elat,29.5581,34.9482,87.64,30,0,16.11,IL,2022-07-31 22:20:39
407,Venado Tuerto,-33.7456,-61.9688,60.76,42,0,6.38,AR,2022-07-31 22:20:39
408,Dilla,6.41,38.31,62.47,91,100,2.89,ET,2022-07-31 22:20:39
409,Namwala,-15.7504,26.4384,60.01,32,2,4.79,ZM,2022-07-31 22:20:40
410,Kondoa,-4.9,35.7833,59.05,85,26,5.17,TZ,2022-07-31 22:20:40
411,Dekar,-21.5333,21.9333,62.76,23,24,10.2,BW,2022-07-31 22:20:41
412,Lumphat,13.4878,106.9816,73.83,99,100,2.57,KH,2022-07-31 22:21:41
413,Ratnagiri,16.9833,73.3,80.37,87,92,7.52,IN,2022-07-31 22:21:41
414,Axim,4.8699,-2.2405,74.79,81,77,12.1,GH,2022-07-31 22:21:42
415,Brindisi,40.5833,17.6667,79.77,57,0,18.07,IT,2022-07-31 22:21:42
416,Mantua,45.1667,10.7833,78.04,81,0,6.42,IT,2022-07-31 22:21:42
417,Bud,39.447,-86.1758,83.93,60,0,3.2,US,2022-07-31 22:21:26
418,Ulaanbaatar,47.9077,106.8832,48.33,87,0,0.0,MN,2022-07-31 22:21:43
419,Serenje,-13.2325,30.2352,55.67,48,0,5.79,ZM,2022-07-31 22:21:43
420,Anadyr,64.75,177.4833,57.7,62,0,8.95,RU,2022-07-31 22:21:44
421,Leh,34.1667,77.5833,61.02,53,34,5.64,IN,2022-07-31 22:21:44
422,Mohelnice,49.777,16.9195,64.9,75,43,1.3,CZ,2022-07-31 22:21:45
423,Ngunguru,-35.6167,174.5,54.86,63,2,7.58,NZ,2022-07-31 22:21:45
424,Presidencia Roque Saenz Pena,-26.7852,-60.4388,65.73,38,0,5.84,AR,2022-07-31 22:21:46
425,Kastamonu,41.5,33.6667,61.77,84,0,2.84,TR,2022-07-31 22:21:46
426,Tomatlan,19.9333,-105.25,92.3,50,62,9.98,MX,2022-07-31 22:21:47
427,Igrim,63.1906,64.4162,50.56,75,24,5.73,RU,2022-07-31 22:21:47
428,Angoram,-4.0625,144.0661,76.21,91,100,3.27,PG,2022-07-31 22:21:47
429,Mahon,39.8885,4.2658,77.56,69,0,4.61,ES,2022-07-31 22:21:48
430,Dumas,35.8656,-101.9732,93.54,37,0,3.44,US,2022-07-31 22:21:48
431,Mayo,38.8876,-76.5119,79.14,87,100,1.01,US,2022-07-31 22:21:49
432,Port Hardy,50.6996,-127.4199,69.98,73,75,10.36,CA,2022-07-31 22:21:49
433,Dhidhdhoo,6.8833,73.1,77.18,91,100,32.23,MV,2022-07-31 22:21:49
434,Yomou,7.5603,-9.2653,69.66,98,95,4.43,GN,2022-07-31 22:21:50
435,Brae,60.3964,-1.353,51.24,83,17,7.47,GB,2022-07-31 22:21:50
436,Wanning,18.8003,110.3967,80.02,85,5,4.54,CN,2022-07-31 22:21:51
437,Strezhevoy,60.7333,77.5889,49.55,80,65,9.33,RU,2022-07-31 22:21:51
438,Cuenca,-2.8833,-78.9833,66.33,48,75,4.61,EC,2022-07-31 22:21:51
439,Lagos,6.5833,3.75,75.4,85,100,8.93,NG,2022-07-31 22:16:52
440,Padang,-0.9492,100.3543,77.2,86,99,3.47,ID,2022-07-31 22:21:52
441,Cedar Rapids,42.0083,-91.6441,84.31,66,43,8.01,US,2022-07-31 22:21:20
442,Boquim,-11.1469,-37.6206,68.67,96,1,4.41,BR,2022-07-31 22:21:52
443,Ribeira Grande,38.5167,-28.7,74.44,71,17,2.59,PT,2022-07-31 22:21:53
444,Trelew,-43.249,-65.3051,48.4,59,99,4.18,AR,2022-07-31 22:21:53
445,Bara,10.3744,10.7288,74.68,87,92,8.01,NG,2022-07-31 22:21:54
446,Cairns,-16.9167,145.7667,72.07,84,100,10.36,AU,2022-07-31 22:21:54
447,Sorland,67.667,12.6934,53.46,89,97,11.52,NO,2022-07-31 22:21:54
448,Vanavara,60.34,102.2797,59.7,94,23,1.83,RU,2022-07-31 22:21:55
449,Ixtapa,20.7,-105.2,87.22,74,100,6.91,MX,2022-07-31 22:21:55
450,Edd,13.9297,41.6925,90.99,62,77,2.95,ER,2022-07-31 22:21:56
451,Sorkjosen,69.8,20.9333,59.0,77,20,9.22,NO,2022-07-31 22:21:56
452,Bawku,11.0616,-0.2417,75.87,85,100,11.77,GH,2022-07-31 22:21:57
453,Kasempa,-13.4584,25.8338,59.83,37,0,4.14,ZM,2022-07-31 22:21:57
454,Umm Kaddadah,13.6017,26.6876,76.33,67,99,12.26,SD,2022-07-31 22:21:58
455,Quimper,48.0,-4.1,64.98,94,100,4.61,FR,2022-07-31 22:21:58
456,Sanming,26.2486,117.6186,76.73,90,4,2.35,CN,2022-07-31 22:21:59
457,Tamarindo,22.1175,-78.9087,84.74,73,57,14.12,CU,2022-07-31 22:22:59
458,Berdigestyakh,62.0989,126.6992,66.56,92,100,5.59,RU,2022-07-31 22:22:59
459,Mwinilunga,-11.7358,24.4293,57.78,36,0,2.04,ZM,2022-07-31 22:23:00
460,Takoradi,4.8845,-1.7554,74.01,82,68,11.88,GH,2022-07-31 22:23:00
461,Talara,-4.5772,-81.2719,64.76,81,12,17.63,PE,2022-07-31 22:23:01
462,Lander,42.833,-108.7307,94.01,14,0,5.75,US,2022-07-31 22:23:01
463,Beyneu,45.3167,55.2,82.2,39,3,9.26,KZ,2022-07-31 22:23:02
464,Popondetta,-8.7537,148.2534,79.45,64,19,2.08,PG,2022-07-31 22:23:02
465,Eureka,40.8021,-124.1637,80.67,79,99,5.99,US,2022-07-31 22:23:03
466,Paamiut,61.994,-49.6678,46.53,83,73,5.44,GL,2022-07-31 22:23:03
467,Man,7.4125,-7.5538,71.1,98,81,2.68,CI,2022-07-31 22:23:04
468,Acapetahua,15.2833,-92.7,83.48,79,87,4.81,MX,2022-07-31 22:23:04
469,Kedrovyy,56.1667,91.8167,64.81,98,84,4.34,RU,2022-07-31 22:23:05
470,Nabire,-3.3667,135.4833,74.64,93,97,3.13,ID,2022-07-31 22:23:05
471,Kapoeta,4.7717,33.5903,71.29,82,46,3.27,SS,2022-07-31 22:23:06
472,Huarmey,-10.0681,-78.1522,65.14,77,14,9.62,PE,2022-07-31 22:23:06
473,Bafoulabe,13.8065,-10.8321,81.03,70,94,2.48,ML,2022-07-31 22:23:06
474,San Rafael,-34.6177,-68.3301,57.11,30,38,6.78,AR,2022-07-31 22:20:41
475,Meulaboh,4.1363,96.1285,76.39,89,96,5.21,ID,2022-07-31 22:23:07
476,Wattegama,6.7989,81.4808,75.06,89,100,6.89,LK,2022-07-31 22:23:08
477,Mali,12.079,-12.2982,59.9,96,100,3.74,GN,2022-07-31 22:23:08
478,Chara,56.9064,118.2631,63.37,69,53,0.6,RU,2022-07-31 22:23:08
479,Avera,33.194,-82.5271,94.51,23,4,10.78,US,2022-07-31 22:23:09
480,Tiarei,-17.5333,-149.3333,84.22,71,46,26.13,PF,2022-07-31 22:23:10
481,Dromolaxia,34.8761,33.586,80.73,87,0,3.44,CY,2022-07-31 22:23:10
482,Kenitra,34.261,-6.5802,70.56,85,3,7.4,MA,2022-07-31 22:23:10
483,Aklavik,68.2191,-135.0107,64.9,48,90,0.94,CA,2022-07-31 22:23:11
484,Saiha,22.4833,92.9667,70.79,96,100,1.99,IN,2022-07-31 22:23:11
485,Igarka,67.4667,86.5833,43.84,72,6,21.05,RU,2022-07-31 22:23:12
486,Arrifes,37.7667,-25.7,70.05,78,75,3.44,PT,2022-07-31 22:23:12
487,Zhurivka,50.5028,31.7849,64.45,67,72,9.1,UA,2022-07-31 22:23:12
488,Waitara,-38.925,174.25,52.0,69,7,6.17,NZ,2022-07-31 22:23:13
489,Nieuw Nickerie,5.95,-56.9833,79.5,82,66,9.98,SR,2022-07-31 22:23:13
490,Komsomolskiy,40.4272,71.7189,77.72,33,100,6.91,UZ,2022-07-31 22:23:14
491,Moyale,3.5167,39.0584,67.66,72,100,11.41,KE,2022-07-31 22:23:14
492,Nhulunbuy,-12.2333,136.7667,72.21,94,100,3.44,AU,2022-07-31 22:23:15
493,Dryden,49.7833,-92.7503,70.09,88,100,6.91,CA,2022-07-31 22:23:15
494,Provideniya,64.3833,-173.3,48.36,81,0,8.99,RU,2022-07-31 22:23:16
495,Arlit,18.7369,7.3853,97.81,21,31,11.83,NE,2022-07-31 22:23:16
496,Kholm,59.2667,32.85,53.78,85,100,2.77,RU,2022-07-31 22:23:16
497,Shimoda,34.6667,138.95,83.1,83,83,9.98,JP,2022-07-31 22:23:17
498,Nampula,-15.1165,39.2666,66.15,94,40,1.14,MZ,2022-07-31 22:24:17
499,Ranong,9.9658,98.6348,79.34,88,100,8.23,TH,2022-07-31 22:24:18
500,Half Moon Bay,37.4636,-122.4286,78.42,79,75,18.41,US,2022-07-31 22:24:18
501,Paramonga,-10.6667,-77.8333,63.81,78,22,8.79,PE,2022-07-31 22:24:19
502,Sao Filipe,14.8961,-24.4956,75.67,77,43,5.68,CV,2022-07-31 22:24:19
503,Severodvinsk,64.5635,39.8302,51.91,84,88,1.72,RU,2022-07-31 22:24:19
504,Cayenne,4.9333,-52.3333,83.08,1,20,3.44,GF,2022-07-31 22:22:26
505,Ilinskiy,55.619,38.1182,61.3,67,0,0.0,RU,2022-07-31 22:24:20
506,Srednekolymsk,67.45,153.6833,71.46,36,79,12.66,RU,2022-07-31 22:24:20
507,Salalah,17.0151,54.0924,77.09,88,75,8.05,OM,2022-07-31 22:24:21
508,Namibe,-15.1961,12.1522,57.85,81,14,10.89,AO,2022-07-31 22:24:21
509,Batagay-Alyta,67.8006,130.4114,67.73,64,100,3.24,RU,2022-07-31 22:24:22
510,Sangar,63.9242,127.4739,65.46,85,98,15.08,RU,2022-07-31 22:24:22
511,Abu Samrah,35.3029,37.1841,76.66,56,0,8.03,SY,2022-07-31 22:24:23
512,Contai,21.7786,87.7536,84.34,77,100,13.51,IN,2022-07-31 22:24:23
513,Hobyo,5.3505,48.5268,75.63,86,0,25.88,SO,2022-07-31 22:24:24
514,Nome,64.5011,-165.4064,58.15,88,100,9.22,US,2022-07-31 22:22:57
515,Hastings,50.8552,0.5729,67.32,97,34,8.21,GB,2022-07-31 22:24:24
516,Invermere,50.5167,-116.0354,96.37,15,6,0.67,CA,2022-07-31 22:24:25
517,Xining,36.6167,101.7667,57.33,84,76,3.0,CN,2022-07-31 22:24:25
518,Bethanien,-26.502,17.1583,48.13,41,0,7.78,NA,2022-07-31 22:24:26
519,Kupang,-10.1667,123.5833,73.33,87,38,5.93,ID,2022-07-31 22:24:26
520,Santa Fe,-31.6333,-60.7,64.98,61,0,3.96,AR,2022-07-31 22:24:26
521,Riyadh,24.6877,46.7219,87.94,67,100,23.35,SA,2022-07-31 22:23:24
522,Mariental,-24.6333,17.9667,53.33,33,72,17.13,NA,2022-07-31 22:24:27
523,Turbat,26.0023,63.044,80.15,91,66,7.45,PK,2022-07-31 22:24:27
524,Penzance,50.1186,-5.5371,63.28,91,38,9.04,GB,2022-07-31 22:24:28
525,Kunming,25.0389,102.7183,60.73,100,40,4.47,CN,2022-07-31 22:21:48
526,Mzimba,-11.9,33.6,59.31,57,0,6.17,MW,2022-07-31 22:24:28
527,Znamenka,52.4167,41.4311,60.53,61,64,6.64,RU,2022-07-31 22:24:29
528,Djambala,-2.5447,14.7533,69.21,65,5,4.03,CG,2022-07-31 22:24:29
529,Keetmanshoop,-26.5833,18.1333,50.23,31,2,12.53,NA,2022-07-31 22:24:29
530,Kutum,14.2,24.6667,69.58,71,100,14.05,SD,2022-07-31 22:24:30
531,Muisne,0.6,-80.0333,75.13,84,93,10.18,EC,2022-07-31 22:24:30
532,Kieta,-6.2167,155.6333,81.54,81,22,5.59,PG,2022-07-31 22:24:31
533,Ciudad Real,39.0,-4.0,89.11,24,1,5.99,ES,2022-07-31 22:24:31
534,Boca Do Acre,-8.7522,-67.3978,85.5,49,36,2.91,BR,2022-07-31 22:24:31
535,Olafsvik,64.8945,-23.7142,48.22,66,100,11.68,IS,2022-07-31 22:24:32
536,Chimbote,-9.0853,-78.5783,64.09,80,48,10.22,PE,2022-07-31 22:24:32
537,Lavrentiya,65.5833,-171.0,47.55,71,62,2.98,RU,2022-07-31 22:24:33
538,Caravelas,-17.7125,-39.2481,70.11,91,79,8.14,BR,2022-07-31 22:24:33
539,Gazojak,41.1875,61.4036,81.66,29,94,8.34,TM,2022-07-31 22:24:33
540,Cockburn Town,21.4612,-71.1419,84.16,74,40,17.27,TC,2022-07-31 22:24:34
541,Sargatskoye,55.6101,73.4972,61.38,97,95,7.67,RU,2022-07-31 22:24:34
542,Qaqortoq,60.7167,-46.0333,49.37,81,69,2.04,GL,2022-07-31 22:24:35
543,Gamba,-2.65,10.0,71.1,95,16,7.85,GA,2022-07-31 22:24:35
544,Surovikino,48.6078,42.8486,71.82,64,5,9.22,RU,2022-07-31 22:23:25
545,Vidim,56.4088,103.1106,59.2,99,93,3.27,RU,2022-07-31 22:25:36
546,Yantarnyy,54.8717,19.9381,64.26,82,95,11.92,RU,2022-07-31 22:25:36
547,Fortuna,40.5982,-124.1573,65.98,83,0,12.66,US,2022-07-31 22:22:59
548,Nouadhibou,20.931,-17.0347,75.18,78,20,9.22,MR,2022-07-31 22:25:37
549,Zabolotovka,50.2737,39.3147,63.12,67,93,8.28,RU,2022-07-31 22:25:37
550,Muhos,64.808,25.9931,53.38,88,95,2.51,FI,2022-07-31 22:25:37
551,Aquiraz,-3.9014,-38.3911,80.19,86,9,9.8,BR,2022-07-31 22:25:38
552,Khandyga,62.6667,135.6,72.86,63,42,4.52,RU,2022-07-31 22:25:38
553,Faya,18.3851,42.4509,66.31,51,71,5.97,SA,2022-07-31 22:25:38
554,Maniitsoq,65.4167,-52.9,41.54,92,71,6.2,GL,2022-07-31 22:25:39
555,Sulya,12.5667,75.3833,75.69,96,98,1.77,IN,2022-07-31 22:25:39
556,Conceicao Da Barra,-18.5933,-39.7322,71.82,73,99,6.71,BR,2022-07-31 22:24:15
557,Jatai,-17.8814,-51.7144,75.42,27,0,2.21,BR,2022-07-31 22:25:40
558,Buchanan,5.8808,-10.0467,75.97,84,100,7.67,LR,2022-07-31 22:25:40
559,Mweka,-4.85,21.5667,73.85,50,39,2.39,CD,2022-07-31 22:25:41
560,Moussoro,13.6408,16.4901,84.61,50,100,5.23,TD,2022-07-31 22:25:41
561,Nguru,12.8791,10.4526,82.69,54,95,6.73,NG,2022-07-31 22:25:42
562,Gardendale,33.6601,-86.8128,89.71,72,75,6.91,US,2022-07-31 22:25:42
563,Macenta,8.5435,-9.471,68.16,99,99,1.77,GN,2022-07-31 22:25:43
564,Ayaviri,-14.8864,-70.5889,58.98,12,3,1.03,PE,2022-07-31 22:25:43
565,Camargo,27.6667,-105.1667,93.0,14,100,9.04,MX,2022-07-31 22:25:44
566,Artvin,41.1667,41.8333,67.44,82,14,1.36,TR,2022-07-31 22:25:44
567,Peniche,39.3558,-9.3811,72.09,92,0,6.58,PT,2022-07-31 22:25:45
568,Zhigansk,66.7697,123.3711,66.45,75,42,4.99,RU,2022-07-31 22:25:45
569,Belmonte,-15.8631,-38.8828,73.0,82,1,6.76,BR,2022-07-31 22:25:45
570,Dudinka,69.4058,86.1778,43.63,74,78,17.47,RU,2022-07-31 22:25:46
571,Andreapol,56.6513,32.2664,58.37,67,100,3.6,RU,2022-07-31 22:25:46
572,Puerto Escondido,15.85,-97.0667,88.63,62,40,9.22,MX,2022-07-31 22:25:47
573,Saint-Pierre,-21.3393,55.4781,67.91,66,75,6.91,RE,2022-07-31 22:25:47
574,Alugan,12.2188,125.4808,80.17,83,100,7.16,PH,2022-07-31 22:25:48
575,La Ronge,55.1001,-105.2842,70.05,49,75,12.66,CA,2022-07-31 22:25:48
576,Zaozhuang,34.8647,117.5542,77.41,87,2,2.04,CN,2022-07-31 22:25:48
577,Madimba,-10.4,40.3333,69.84,87,24,4.81,TZ,2022-07-31 22:25:49
578,Lerwick,60.1545,-1.1494,53.6,81,26,8.14,GB,2022-07-31 22:25:49
579,Bin Qirdan,33.1378,11.2197,83.08,62,0,5.79,TN,2022-07-31 22:25:50
580,Butembo,0.15,29.2833,57.11,98,97,2.28,CD,2022-07-31 22:25:50
581,Corinto,37.9407,22.9573,79.9,53,1,2.21,GR,2022-07-31 22:25:50
